<annotation>
	<folder>nikelogos</folder>
	<filename>nike_logo_jumper_198.jpg</filename>
	<path>../images/nike_logo_jumper_198.jpg</path>
	<source>
		<database>Unknown</database>
	</source>
	<size>
		<width>512</width>
		<height>512</height>
		<depth>3</depth>
	</size>
	<segmented>0</segmented>
	<object>
		<name>nike</name>
		<pose>Unspecified</pose>
		<truncated>0</truncated>
		<difficult>0</difficult>
		<bndbox>
			<xmin>234</xmin>
			<ymin>267</ymin>
			<xmax>268</xmax>
			<ymax>286</ymax>
		</bndbox>
	</object>
	<object>
		<name>swoosh</name>
		<pose>Unspecified</pose>
		<truncated>0</truncated>
		<difficult>0</difficult>
		<bndbox>
			<xmin>226</xmin>
			<ymin>278</ymin>
			<xmax>278</xmax>
			<ymax>296</ymax>
		</bndbox>
	</object>
</annotation>
