<annotation>
	<folder>nikelogos</folder>
	<filename>nike_logo_1.jpg</filename>
	<path>../images/nike_logo_1.jpg</path>
	<source>
		<database>Unknown</database>
	</source>
	<size>
		<width>512</width>
		<height>512</height>
		<depth>3</depth>
	</size>
	<segmented>0</segmented>
	<object>
		<name>nike</name>
		<pose>Unspecified</pose>
		<truncated>0</truncated>
		<difficult>0</difficult>
		<bndbox>
			<xmin>81</xmin>
			<ymin>158</ymin>
			<xmax>442</xmax>
			<ymax>354</ymax>
		</bndbox>
	</object>
	<object>
		<name>swoosh</name>
		<pose>Unspecified</pose>
		<truncated>0</truncated>
		<difficult>0</difficult>
		<bndbox>
			<xmin>183</xmin>
			<ymin>71</ymin>
			<xmax>322</xmax>
			<ymax>136</ymax>
		</bndbox>
	</object>
</annotation>
