<annotation>
	<folder>nikelogos</folder>
	<filename>nike_logo_tshirt_270.jpg</filename>
	<path>../images/nike_logo_tshirt_270.jpg</path>
	<source>
		<database>Unknown</database>
	</source>
	<size>
		<width>512</width>
		<height>512</height>
		<depth>3</depth>
	</size>
	<segmented>0</segmented>
	<object>
		<name>swoosh</name>
		<pose>Unspecified</pose>
		<truncated>0</truncated>
		<difficult>0</difficult>
		<bndbox>
			<xmin>151</xmin>
			<ymin>172</ymin>
			<xmax>356</xmax>
			<ymax>244</ymax>
		</bndbox>
	</object>
	<object>
		<name>nike</name>
		<pose>Unspecified</pose>
		<truncated>0</truncated>
		<difficult>0</difficult>
		<bndbox>
			<xmin>177</xmin>
			<ymin>141</ymin>
			<xmax>320</xmax>
			<ymax>194</ymax>
		</bndbox>
	</object>
</annotation>
