<annotation>
	<folder>images</folder>
	<filename>nike_logo_hoodie_449.jpg</filename>
	<path>../images/nike_logo_hoodie_449.jpg</path>
	<source>
		<database>Unknown</database>
	</source>
	<size>
		<width>512</width>
		<height>512</height>
		<depth>3</depth>
	</size>
	<segmented>0</segmented>
	<object>
		<name>swoosh</name>
		<pose>Unspecified</pose>
		<truncated>0</truncated>
		<difficult>0</difficult>
		<bndbox>
			<xmin>368</xmin>
			<ymin>410</ymin>
			<xmax>388</xmax>
			<ymax>419</ymax>
		</bndbox>
	</object>
	<object>
		<name>person</name>
		<pose>Unspecified</pose>
		<truncated>1</truncated>
		<difficult>0</difficult>
		<bndbox>
			<xmin>99</xmin>
			<ymin>6</ymin>
			<xmax>431</xmax>
			<ymax>512</ymax>
		</bndbox>
	</object>
</annotation>
