<annotation>
	<folder>nikelogos</folder>
	<filename>nike_logo_jumper_210.jpg</filename>
	<path>../images/nike_logo_jumper_210.jpg</path>
	<source>
		<database>Unknown</database>
	</source>
	<size>
		<width>512</width>
		<height>512</height>
		<depth>3</depth>
	</size>
	<segmented>0</segmented>
	<object>
		<name>swoosh</name>
		<pose>Unspecified</pose>
		<truncated>0</truncated>
		<difficult>0</difficult>
		<bndbox>
			<xmin>290</xmin>
			<ymin>165</ymin>
			<xmax>318</xmax>
			<ymax>175</ymax>
		</bndbox>
	</object>
	<object>
		<name>nike</name>
		<pose>Unspecified</pose>
		<truncated>0</truncated>
		<difficult>0</difficult>
		<bndbox>
			<xmin>295</xmin>
			<ymin>157</ymin>
			<xmax>314</xmax>
			<ymax>167</ymax>
		</bndbox>
	</object>
</annotation>
