<annotation>
	<folder>nikelogos</folder>
	<filename>nike_logo_tshirt_345.jpg</filename>
	<path>../images/nike_logo_tshirt_345.jpg</path>
	<source>
		<database>Unknown</database>
	</source>
	<size>
		<width>512</width>
		<height>512</height>
		<depth>3</depth>
	</size>
	<segmented>0</segmented>
	<object>
		<name>swoosh</name>
		<pose>Unspecified</pose>
		<truncated>0</truncated>
		<difficult>0</difficult>
		<bndbox>
			<xmin>234</xmin>
			<ymin>41</ymin>
			<xmax>257</xmax>
			<ymax>49</ymax>
		</bndbox>
	</object>
	<object>
		<name>swoosh</name>
		<pose>Unspecified</pose>
		<truncated>0</truncated>
		<difficult>0</difficult>
		<bndbox>
			<xmin>315</xmin>
			<ymin>138</ymin>
			<xmax>360</xmax>
			<ymax>154</ymax>
		</bndbox>
	</object>
</annotation>
