<annotation>
	<folder>nikelogos</folder>
	<filename>nike_logo_jumper_1.jpg</filename>
	<path>../images/nike_logo_jumper_1.jpg</path>
	<source>
		<database>Unknown</database>
	</source>
	<size>
		<width>512</width>
		<height>512</height>
		<depth>3</depth>
	</size>
	<segmented>0</segmented>
	<object>
		<name>swoosh</name>
		<pose>Unspecified</pose>
		<truncated>0</truncated>
		<difficult>0</difficult>
		<bndbox>
			<xmin>154</xmin>
			<ymin>270</ymin>
			<xmax>394</xmax>
			<ymax>372</ymax>
		</bndbox>
	</object>
	<object>
		<name>nike</name>
		<pose>Unspecified</pose>
		<truncated>0</truncated>
		<difficult>0</difficult>
		<bndbox>
			<xmin>184</xmin>
			<ymin>216</ymin>
			<xmax>334</xmax>
			<ymax>300</ymax>
		</bndbox>
	</object>
</annotation>
