<annotation>
	<folder>nikelogos</folder>
	<filename>nike_logo_tshirt_283.jpg</filename>
	<path>../images/nike_logo_tshirt_283.jpg</path>
	<source>
		<database>Unknown</database>
	</source>
	<size>
		<width>512</width>
		<height>512</height>
		<depth>3</depth>
	</size>
	<segmented>0</segmented>
	<object>
		<name>swoosh</name>
		<pose>Unspecified</pose>
		<truncated>0</truncated>
		<difficult>0</difficult>
		<bndbox>
			<xmin>197</xmin>
			<ymin>149</ymin>
			<xmax>357</xmax>
			<ymax>316</ymax>
		</bndbox>
	</object>
	<object>
		<name>nike</name>
		<pose>Unspecified</pose>
		<truncated>0</truncated>
		<difficult>0</difficult>
		<bndbox>
			<xmin>195</xmin>
			<ymin>145</ymin>
			<xmax>323</xmax>
			<ymax>267</ymax>
		</bndbox>
	</object>
</annotation>
