<annotation>
	<folder>nikelogos</folder>
	<filename>nike_logo_hoodie_386.jpg</filename>
	<path>../images/nike_logo_hoodie_386.jpg</path>
	<source>
		<database>Unknown</database>
	</source>
	<size>
		<width>512</width>
		<height>512</height>
		<depth>3</depth>
	</size>
	<segmented>0</segmented>
	<object>
		<name>nike</name>
		<pose>Unspecified</pose>
		<truncated>0</truncated>
		<difficult>0</difficult>
		<bndbox>
			<xmin>130</xmin>
			<ymin>169</ymin>
			<xmax>262</xmax>
			<ymax>220</ymax>
		</bndbox>
	</object>
	<object>
		<name>swoosh</name>
		<pose>Unspecified</pose>
		<truncated>0</truncated>
		<difficult>0</difficult>
		<bndbox>
			<xmin>123</xmin>
			<ymin>201</ymin>
			<xmax>292</xmax>
			<ymax>257</ymax>
		</bndbox>
	</object>
</annotation>
