<annotation>
	<folder>nikelogos</folder>
	<filename>nike_logo_tshirt_285.jpg</filename>
	<path>../images/nike_logo_tshirt_285.jpg</path>
	<source>
		<database>Unknown</database>
	</source>
	<size>
		<width>512</width>
		<height>512</height>
		<depth>3</depth>
	</size>
	<segmented>0</segmented>
	<object>
		<name>swoosh</name>
		<pose>Unspecified</pose>
		<truncated>0</truncated>
		<difficult>0</difficult>
		<bndbox>
			<xmin>174</xmin>
			<ymin>172</ymin>
			<xmax>358</xmax>
			<ymax>216</ymax>
		</bndbox>
	</object>
	<object>
		<name>nike</name>
		<pose>Unspecified</pose>
		<truncated>0</truncated>
		<difficult>0</difficult>
		<bndbox>
			<xmin>197</xmin>
			<ymin>149</ymin>
			<xmax>313</xmax>
			<ymax>186</ymax>
		</bndbox>
	</object>
</annotation>
