<annotation>
	<folder>nikelogos</folder>
	<filename>nike_logo_jumper_252.jpg</filename>
	<path>../images/nike_logo_jumper_252.jpg</path>
	<source>
		<database>Unknown</database>
	</source>
	<size>
		<width>512</width>
		<height>512</height>
		<depth>3</depth>
	</size>
	<segmented>0</segmented>
	<object>
		<name>swoosh</name>
		<pose>Unspecified</pose>
		<truncated>0</truncated>
		<difficult>0</difficult>
		<bndbox>
			<xmin>352</xmin>
			<ymin>326</ymin>
			<xmax>426</xmax>
			<ymax>346</ymax>
		</bndbox>
	</object>
	<object>
		<name>nike</name>
		<pose>Unspecified</pose>
		<truncated>0</truncated>
		<difficult>0</difficult>
		<bndbox>
			<xmin>363</xmin>
			<ymin>312</ymin>
			<xmax>406</xmax>
			<ymax>332</ymax>
		</bndbox>
	</object>
</annotation>
