<annotation>
	<folder>nikelogos</folder>
	<filename>nike_logo_jumper_219.jpg</filename>
	<path>../images/nike_logo_jumper_219.jpg</path>
	<source>
		<database>Unknown</database>
	</source>
	<size>
		<width>512</width>
		<height>512</height>
		<depth>3</depth>
	</size>
	<segmented>0</segmented>
	<object>
		<name>swoosh</name>
		<pose>Unspecified</pose>
		<truncated>0</truncated>
		<difficult>0</difficult>
		<bndbox>
			<xmin>285</xmin>
			<ymin>206</ymin>
			<xmax>318</xmax>
			<ymax>220</ymax>
		</bndbox>
	</object>
	<object>
		<name>nike</name>
		<pose>Unspecified</pose>
		<truncated>0</truncated>
		<difficult>0</difficult>
		<bndbox>
			<xmin>289</xmin>
			<ymin>200</ymin>
			<xmax>312</xmax>
			<ymax>209</ymax>
		</bndbox>
	</object>
</annotation>
