<annotation>
	<folder>nikelogos</folder>
	<filename>nike_logo_tshirt_277.jpg</filename>
	<path>../images/nike_logo_tshirt_277.jpg</path>
	<source>
		<database>Unknown</database>
	</source>
	<size>
		<width>512</width>
		<height>512</height>
		<depth>3</depth>
	</size>
	<segmented>0</segmented>
	<object>
		<name>swoosh</name>
		<pose>Unspecified</pose>
		<truncated>0</truncated>
		<difficult>0</difficult>
		<bndbox>
			<xmin>217</xmin>
			<ymin>115</ymin>
			<xmax>322</xmax>
			<ymax>143</ymax>
		</bndbox>
	</object>
	<object>
		<name>swoosh</name>
		<pose>Unspecified</pose>
		<truncated>0</truncated>
		<difficult>0</difficult>
		<bndbox>
			<xmin>229</xmin>
			<ymin>29</ymin>
			<xmax>245</xmax>
			<ymax>38</ymax>
		</bndbox>
	</object>
</annotation>
