<annotation>
	<folder>nikelogos</folder>
	<filename>nike_logo_jumper_235.jpg</filename>
	<path>../images/nike_logo_jumper_235.jpg</path>
	<source>
		<database>Unknown</database>
	</source>
	<size>
		<width>512</width>
		<height>512</height>
		<depth>3</depth>
	</size>
	<segmented>0</segmented>
	<object>
		<name>swoosh</name>
		<pose>Unspecified</pose>
		<truncated>0</truncated>
		<difficult>0</difficult>
		<bndbox>
			<xmin>214</xmin>
			<ymin>223</ymin>
			<xmax>327</xmax>
			<ymax>266</ymax>
		</bndbox>
	</object>
	<object>
		<name>nike</name>
		<pose>Unspecified</pose>
		<truncated>0</truncated>
		<difficult>0</difficult>
		<bndbox>
			<xmin>230</xmin>
			<ymin>203</ymin>
			<xmax>304</xmax>
			<ymax>236</ymax>
		</bndbox>
	</object>
</annotation>
