<annotation>
	<folder>nikelogos</folder>
	<filename>nike_logo_shoes_587.jpg</filename>
	<path>../images/nike_logo_shoes_587.jpg</path>
	<source>
		<database>Unknown</database>
	</source>
	<size>
		<width>512</width>
		<height>512</height>
		<depth>1</depth>
	</size>
	<segmented>0</segmented>
	<object>
		<name>swoosh</name>
		<pose>Unspecified</pose>
		<truncated>0</truncated>
		<difficult>0</difficult>
		<bndbox>
			<xmin>50</xmin>
			<ymin>167</ymin>
			<xmax>346</xmax>
			<ymax>310</ymax>
		</bndbox>
	</object>
	<object>
		<name>swoosh</name>
		<pose>Unspecified</pose>
		<truncated>0</truncated>
		<difficult>0</difficult>
		<bndbox>
			<xmin>51</xmin>
			<ymin>328</ymin>
			<xmax>97</xmax>
			<ymax>362</ymax>
		</bndbox>
	</object>
</annotation>
