<annotation>
	<folder>images</folder>
	<filename>nike_logo_hoodie_3.jpg</filename>
	<path>../images/nike_logo_hoodie_3.jpg</path>
	<source>
		<database>Unknown</database>
	</source>
	<size>
		<width>512</width>
		<height>512</height>
		<depth>3</depth>
	</size>
	<segmented>0</segmented>
	<object>
		<name>swoosh</name>
		<pose>Unspecified</pose>
		<truncated>0</truncated>
		<difficult>0</difficult>
		<bndbox>
			<xmin>250</xmin>
			<ymin>146</ymin>
			<xmax>273</xmax>
			<ymax>154</ymax>
		</bndbox>
	</object>
	<object>
		<name>nike</name>
		<pose>Unspecified</pose>
		<truncated>0</truncated>
		<difficult>0</difficult>
		<bndbox>
			<xmin>255</xmin>
			<ymin>141</ymin>
			<xmax>270</xmax>
			<ymax>148</ymax>
		</bndbox>
	</object>
	<object>
		<name>person</name>
		<pose>Unspecified</pose>
		<truncated>1</truncated>
		<difficult>0</difficult>
		<bndbox>
			<xmin>109</xmin>
			<ymin>8</ymin>
			<xmax>386</xmax>
			<ymax>512</ymax>
		</bndbox>
	</object>
</annotation>
