<annotation>
	<folder>nikelogos</folder>
	<filename>nike_logo_hoodie_393.jpg</filename>
	<path>../images/nike_logo_hoodie_393.jpg</path>
	<source>
		<database>Unknown</database>
	</source>
	<size>
		<width>512</width>
		<height>512</height>
		<depth>3</depth>
	</size>
	<segmented>0</segmented>
	<object>
		<name>swoosh</name>
		<pose>Unspecified</pose>
		<truncated>0</truncated>
		<difficult>0</difficult>
		<bndbox>
			<xmin>129</xmin>
			<ymin>170</ymin>
			<xmax>389</xmax>
			<ymax>253</ymax>
		</bndbox>
	</object>
	<object>
		<name>nike</name>
		<pose>Unspecified</pose>
		<truncated>0</truncated>
		<difficult>0</difficult>
		<bndbox>
			<xmin>167</xmin>
			<ymin>137</ymin>
			<xmax>341</xmax>
			<ymax>193</ymax>
		</bndbox>
	</object>
</annotation>
