<annotation>
	<folder>images</folder>
	<filename>nike_logo_hoodie_398.jpg</filename>
	<path>../images/nike_logo_hoodie_398.jpg</path>
	<source>
		<database>Unknown</database>
	</source>
	<size>
		<width>512</width>
		<height>512</height>
		<depth>3</depth>
	</size>
	<segmented>0</segmented>
	<object>
		<name>swoosh</name>
		<pose>Unspecified</pose>
		<truncated>0</truncated>
		<difficult>0</difficult>
		<bndbox>
			<xmin>170</xmin>
			<ymin>215</ymin>
			<xmax>277</xmax>
			<ymax>270</ymax>
		</bndbox>
	</object>
	<object>
		<name>person</name>
		<pose>Unspecified</pose>
		<truncated>0</truncated>
		<difficult>0</difficult>
		<bndbox>
			<xmin>114</xmin>
			<ymin>13</ymin>
			<xmax>414</xmax>
			<ymax>509</ymax>
		</bndbox>
	</object>
</annotation>
