<annotation>
	<folder>images</folder>
	<filename>nike_logo_tshirt_341.jpg</filename>
	<path>../images/nike_logo_tshirt_341.jpg</path>
	<source>
		<database>Unknown</database>
	</source>
	<size>
		<width>512</width>
		<height>512</height>
		<depth>3</depth>
	</size>
	<segmented>0</segmented>
	<object>
		<name>nike</name>
		<pose>Unspecified</pose>
		<truncated>0</truncated>
		<difficult>0</difficult>
		<bndbox>
			<xmin>184</xmin>
			<ymin>207</ymin>
			<xmax>350</xmax>
			<ymax>270</ymax>
		</bndbox>
	</object>
	<object>
		<name>person</name>
		<pose>Unspecified</pose>
		<truncated>1</truncated>
		<difficult>0</difficult>
		<bndbox>
			<xmin>63</xmin>
			<ymin>6</ymin>
			<xmax>426</xmax>
			<ymax>512</ymax>
		</bndbox>
	</object>
</annotation>
