<annotation>
	<folder>images</folder>
	<filename>nike_logo_jumper_169.jpg</filename>
	<path>../images/nike_logo_jumper_169.jpg</path>
	<source>
		<database>Unknown</database>
	</source>
	<size>
		<width>512</width>
		<height>512</height>
		<depth>3</depth>
	</size>
	<segmented>0</segmented>
	<object>
		<name>swoosh</name>
		<pose>Unspecified</pose>
		<truncated>0</truncated>
		<difficult>0</difficult>
		<bndbox>
			<xmin>114</xmin>
			<ymin>199</ymin>
			<xmax>295</xmax>
			<ymax>264</ymax>
		</bndbox>
	</object>
	<object>
		<name>person</name>
		<pose>Unspecified</pose>
		<truncated>1</truncated>
		<difficult>0</difficult>
		<bndbox>
			<xmin>54</xmin>
			<ymin>6</ymin>
			<xmax>440</xmax>
			<ymax>512</ymax>
		</bndbox>
	</object>
</annotation>
