<annotation>
	<folder>nikelogos</folder>
	<filename>nike_logo_hoodie_394.jpg</filename>
	<path>../images/nike_logo_hoodie_394.jpg</path>
	<source>
		<database>Unknown</database>
	</source>
	<size>
		<width>512</width>
		<height>512</height>
		<depth>3</depth>
	</size>
	<segmented>0</segmented>
	<object>
		<name>swoosh</name>
		<pose>Unspecified</pose>
		<truncated>0</truncated>
		<difficult>0</difficult>
		<bndbox>
			<xmin>147</xmin>
			<ymin>157</ymin>
			<xmax>306</xmax>
			<ymax>234</ymax>
		</bndbox>
	</object>
	<object>
		<name>swoosh</name>
		<pose>Unspecified</pose>
		<truncated>0</truncated>
		<difficult>0</difficult>
		<bndbox>
			<xmin>398</xmin>
			<ymin>379</ymin>
			<xmax>408</xmax>
			<ymax>393</ymax>
		</bndbox>
	</object>
</annotation>
