<annotation>
	<folder>nikelogos</folder>
	<filename>nike_logo_tshirt_265.jpg</filename>
	<path>../images/nike_logo_tshirt_265.jpg</path>
	<source>
		<database>Unknown</database>
	</source>
	<size>
		<width>512</width>
		<height>512</height>
		<depth>3</depth>
	</size>
	<segmented>0</segmented>
	<object>
		<name>swoosh</name>
		<pose>Unspecified</pose>
		<truncated>0</truncated>
		<difficult>0</difficult>
		<bndbox>
			<xmin>150</xmin>
			<ymin>111</ymin>
			<xmax>265</xmax>
			<ymax>156</ymax>
		</bndbox>
	</object>
	<object>
		<name>nike</name>
		<pose>Unspecified</pose>
		<truncated>0</truncated>
		<difficult>0</difficult>
		<bndbox>
			<xmin>169</xmin>
			<ymin>87</ymin>
			<xmax>240</xmax>
			<ymax>123</ymax>
		</bndbox>
	</object>
</annotation>
