<annotation>
	<folder>nikelogos</folder>
	<filename>nike_logo_tshirt_279.jpg</filename>
	<path>../images/nike_logo_tshirt_279.jpg</path>
	<source>
		<database>Unknown</database>
	</source>
	<size>
		<width>512</width>
		<height>512</height>
		<depth>3</depth>
	</size>
	<segmented>0</segmented>
	<object>
		<name>swoosh</name>
		<pose>Unspecified</pose>
		<truncated>0</truncated>
		<difficult>0</difficult>
		<bndbox>
			<xmin>265</xmin>
			<ymin>95</ymin>
			<xmax>315</xmax>
			<ymax>115</ymax>
		</bndbox>
	</object>
	<object>
		<name>swoosh</name>
		<pose>Unspecified</pose>
		<truncated>1</truncated>
		<difficult>0</difficult>
		<bndbox>
			<xmin>388</xmin>
			<ymin>494</ymin>
			<xmax>435</xmax>
			<ymax>512</ymax>
		</bndbox>
	</object>
</annotation>
