<annotation>
	<folder>nikelogos</folder>
	<filename>nike_logo_shoes_496.jpg</filename>
	<path>../images/nike_logo_shoes_496.jpg</path>
	<source>
		<database>Unknown</database>
	</source>
	<size>
		<width>512</width>
		<height>512</height>
		<depth>3</depth>
	</size>
	<segmented>0</segmented>
	<object>
		<name>swoosh</name>
		<pose>Unspecified</pose>
		<truncated>0</truncated>
		<difficult>0</difficult>
		<bndbox>
			<xmin>114</xmin>
			<ymin>280</ymin>
			<xmax>189</xmax>
			<ymax>326</ymax>
		</bndbox>
	</object>
	<object>
		<name>swoosh</name>
		<pose>Unspecified</pose>
		<truncated>0</truncated>
		<difficult>0</difficult>
		<bndbox>
			<xmin>305</xmin>
			<ymin>257</ymin>
			<xmax>345</xmax>
			<ymax>281</ymax>
		</bndbox>
	</object>
	<object>
		<name>swoosh</name>
		<pose>Unspecified</pose>
		<truncated>0</truncated>
		<difficult>0</difficult>
		<bndbox>
			<xmin>341</xmin>
			<ymin>215</ymin>
			<xmax>446</xmax>
			<ymax>259</ymax>
		</bndbox>
	</object>
</annotation>
