<annotation>
	<folder>nikelogos</folder>
	<filename>nike_logo_jumper_181.jpg</filename>
	<path>../images/nike_logo_jumper_181.jpg</path>
	<source>
		<database>Unknown</database>
	</source>
	<size>
		<width>512</width>
		<height>512</height>
		<depth>3</depth>
	</size>
	<segmented>0</segmented>
	<object>
		<name>nike</name>
		<pose>Unspecified</pose>
		<truncated>0</truncated>
		<difficult>0</difficult>
		<bndbox>
			<xmin>242</xmin>
			<ymin>162</ymin>
			<xmax>286</xmax>
			<ymax>205</ymax>
		</bndbox>
	</object>
	<object>
		<name>swoosh</name>
		<pose>Unspecified</pose>
		<truncated>0</truncated>
		<difficult>0</difficult>
		<bndbox>
			<xmin>240</xmin>
			<ymin>176</ymin>
			<xmax>299</xmax>
			<ymax>227</ymax>
		</bndbox>
	</object>
</annotation>
