<annotation>
	<folder>images</folder>
	<filename>nike_logo_tshirt_342.jpg</filename>
	<path>../images/nike_logo_tshirt_342.jpg</path>
	<source>
		<database>Unknown</database>
	</source>
	<size>
		<width>512</width>
		<height>512</height>
		<depth>3</depth>
	</size>
	<segmented>0</segmented>
	<object>
		<name>swoosh</name>
		<pose>Unspecified</pose>
		<truncated>0</truncated>
		<difficult>0</difficult>
		<bndbox>
			<xmin>177</xmin>
			<ymin>174</ymin>
			<xmax>347</xmax>
			<ymax>218</ymax>
		</bndbox>
	</object>
	<object>
		<name>person</name>
		<pose>Unspecified</pose>
		<truncated>1</truncated>
		<difficult>0</difficult>
		<bndbox>
			<xmin>81</xmin>
			<ymin>2</ymin>
			<xmax>418</xmax>
			<ymax>512</ymax>
		</bndbox>
	</object>
</annotation>
