<annotation>
	<folder>nikelogos</folder>
	<filename>nike_logo_12.jpg</filename>
	<path>../images/nike_logo_12.jpg</path>
	<source>
		<database>Unknown</database>
	</source>
	<size>
		<width>512</width>
		<height>512</height>
		<depth>3</depth>
	</size>
	<segmented>0</segmented>
	<object>
		<name>swoosh</name>
		<pose>Unspecified</pose>
		<truncated>0</truncated>
		<difficult>0</difficult>
		<bndbox>
			<xmin>203</xmin>
			<ymin>162</ymin>
			<xmax>498</xmax>
			<ymax>330</ymax>
		</bndbox>
	</object>
	<object>
		<name>nike</name>
		<pose>Unspecified</pose>
		<truncated>0</truncated>
		<difficult>0</difficult>
		<bndbox>
			<xmin>320</xmin>
			<ymin>327</ymin>
			<xmax>378</xmax>
			<ymax>360</ymax>
		</bndbox>
	</object>
</annotation>
