<annotation>
	<folder>nikelogos</folder>
	<filename>nike_logo_shoes_536.jpg</filename>
	<path>../images/nike_logo_shoes_536.jpg</path>
	<source>
		<database>Unknown</database>
	</source>
	<size>
		<width>512</width>
		<height>512</height>
		<depth>1</depth>
	</size>
	<segmented>0</segmented>
	<object>
		<name>swoosh</name>
		<pose>Unspecified</pose>
		<truncated>0</truncated>
		<difficult>0</difficult>
		<bndbox>
			<xmin>85</xmin>
			<ymin>241</ymin>
			<xmax>181</xmax>
			<ymax>350</ymax>
		</bndbox>
	</object>
	<object>
		<name>swoosh</name>
		<pose>Unspecified</pose>
		<truncated>0</truncated>
		<difficult>0</difficult>
		<bndbox>
			<xmin>194</xmin>
			<ymin>55</ymin>
			<xmax>371</xmax>
			<ymax>277</ymax>
		</bndbox>
	</object>
</annotation>
