<annotation>
	<folder>images</folder>
	<filename>nike_logo_hoodie_417.jpg</filename>
	<path>../images/nike_logo_hoodie_417.jpg</path>
	<source>
		<database>Unknown</database>
	</source>
	<size>
		<width>512</width>
		<height>512</height>
		<depth>3</depth>
	</size>
	<segmented>0</segmented>
	<object>
		<name>person</name>
		<pose>Unspecified</pose>
		<truncated>1</truncated>
		<difficult>0</difficult>
		<bndbox>
			<xmin>118</xmin>
			<ymin>1</ymin>
			<xmax>417</xmax>
			<ymax>512</ymax>
		</bndbox>
	</object>
</annotation>
