<annotation>
	<folder>nikelogos</folder>
	<filename>nike_logo_jumper_152.jpg</filename>
	<path>../images/nike_logo_jumper_152.jpg</path>
	<source>
		<database>Unknown</database>
	</source>
	<size>
		<width>512</width>
		<height>512</height>
		<depth>3</depth>
	</size>
	<segmented>0</segmented>
	<object>
		<name>nike</name>
		<pose>Unspecified</pose>
		<truncated>0</truncated>
		<difficult>0</difficult>
		<bndbox>
			<xmin>206</xmin>
			<ymin>165</ymin>
			<xmax>287</xmax>
			<ymax>219</ymax>
		</bndbox>
	</object>
	<object>
		<name>swoosh</name>
		<pose>Unspecified</pose>
		<truncated>0</truncated>
		<difficult>0</difficult>
		<bndbox>
			<xmin>192</xmin>
			<ymin>195</ymin>
			<xmax>313</xmax>
			<ymax>259</ymax>
		</bndbox>
	</object>
</annotation>
