<annotation>
	<folder>nikelogos</folder>
	<filename>nike_logo_shoes_538.jpg</filename>
	<path>../images/nike_logo_shoes_538.jpg</path>
	<source>
		<database>Unknown</database>
	</source>
	<size>
		<width>512</width>
		<height>512</height>
		<depth>3</depth>
	</size>
	<segmented>0</segmented>
	<object>
		<name>swoosh</name>
		<pose>Unspecified</pose>
		<truncated>0</truncated>
		<difficult>0</difficult>
		<bndbox>
			<xmin>102</xmin>
			<ymin>210</ymin>
			<xmax>431</xmax>
			<ymax>447</ymax>
		</bndbox>
	</object>
	<object>
		<name>nike</name>
		<pose>Unspecified</pose>
		<truncated>0</truncated>
		<difficult>0</difficult>
		<bndbox>
			<xmin>155</xmin>
			<ymin>94</ymin>
			<xmax>369</xmax>
			<ymax>297</ymax>
		</bndbox>
	</object>
</annotation>
