<annotation>
	<folder>nikelogos</folder>
	<filename>nike_logo_shoes_616.jpg</filename>
	<path>../images/nike_logo_shoes_616.jpg</path>
	<source>
		<database>Unknown</database>
	</source>
	<size>
		<width>512</width>
		<height>512</height>
		<depth>3</depth>
	</size>
	<segmented>0</segmented>
	<object>
		<name>swoosh</name>
		<pose>Unspecified</pose>
		<truncated>0</truncated>
		<difficult>0</difficult>
		<bndbox>
			<xmin>114</xmin>
			<ymin>324</ymin>
			<xmax>162</xmax>
			<ymax>335</ymax>
		</bndbox>
	</object>
	<object>
		<name>swoosh</name>
		<pose>Unspecified</pose>
		<truncated>0</truncated>
		<difficult>0</difficult>
		<bndbox>
			<xmin>315</xmin>
			<ymin>135</ymin>
			<xmax>449</xmax>
			<ymax>301</ymax>
		</bndbox>
	</object>
	<object>
		<name>nike</name>
		<pose>Unspecified</pose>
		<truncated>0</truncated>
		<difficult>0</difficult>
		<bndbox>
			<xmin>251</xmin>
			<ymin>54</ymin>
			<xmax>319</xmax>
			<ymax>85</ymax>
		</bndbox>
	</object>
</annotation>
