<annotation>
	<folder>nikelogos</folder>
	<filename>nike_logo_jumper_144.jpg</filename>
	<path>../images/nike_logo_jumper_144.jpg</path>
	<source>
		<database>Unknown</database>
	</source>
	<size>
		<width>512</width>
		<height>512</height>
		<depth>3</depth>
	</size>
	<segmented>0</segmented>
	<object>
		<name>swoosh</name>
		<pose>Unspecified</pose>
		<truncated>0</truncated>
		<difficult>0</difficult>
		<bndbox>
			<xmin>295</xmin>
			<ymin>182</ymin>
			<xmax>328</xmax>
			<ymax>192</ymax>
		</bndbox>
	</object>
	<object>
		<name>nike</name>
		<pose>Unspecified</pose>
		<truncated>0</truncated>
		<difficult>0</difficult>
		<bndbox>
			<xmin>303</xmin>
			<ymin>172</ymin>
			<xmax>321</xmax>
			<ymax>186</ymax>
		</bndbox>
	</object>
</annotation>
