<annotation>
	<folder>images</folder>
	<filename>nike_logo_hoodie_370.jpg</filename>
	<path>../images/nike_logo_hoodie_370.jpg</path>
	<source>
		<database>Unknown</database>
	</source>
	<size>
		<width>512</width>
		<height>512</height>
		<depth>3</depth>
	</size>
	<segmented>0</segmented>
	<object>
		<name>swoosh</name>
		<pose>Unspecified</pose>
		<truncated>0</truncated>
		<difficult>0</difficult>
		<bndbox>
			<xmin>193</xmin>
			<ymin>183</ymin>
			<xmax>318</xmax>
			<ymax>231</ymax>
		</bndbox>
	</object>
	<object>
		<name>person</name>
		<pose>Unspecified</pose>
		<truncated>1</truncated>
		<difficult>0</difficult>
		<bndbox>
			<xmin>115</xmin>
			<ymin>9</ymin>
			<xmax>384</xmax>
			<ymax>512</ymax>
		</bndbox>
	</object>
</annotation>
