<annotation>
	<folder>nikelogos</folder>
	<filename>nike_logo_jumper_190.jpg</filename>
	<path>../images/nike_logo_jumper_190.jpg</path>
	<source>
		<database>Unknown</database>
	</source>
	<size>
		<width>512</width>
		<height>512</height>
		<depth>3</depth>
	</size>
	<segmented>0</segmented>
	<object>
		<name>nike</name>
		<pose>Unspecified</pose>
		<truncated>0</truncated>
		<difficult>0</difficult>
		<bndbox>
			<xmin>218</xmin>
			<ymin>306</ymin>
			<xmax>268</xmax>
			<ymax>331</ymax>
		</bndbox>
	</object>
	<object>
		<name>swoosh</name>
		<pose>Unspecified</pose>
		<truncated>0</truncated>
		<difficult>0</difficult>
		<bndbox>
			<xmin>204</xmin>
			<ymin>328</ymin>
			<xmax>269</xmax>
			<ymax>354</ymax>
		</bndbox>
	</object>
</annotation>
