<annotation>
	<folder>nikelogos</folder>
	<filename>nike_logo_shoes_577.jpg</filename>
	<path>../images/nike_logo_shoes_577.jpg</path>
	<source>
		<database>Unknown</database>
	</source>
	<size>
		<width>512</width>
		<height>512</height>
		<depth>3</depth>
	</size>
	<segmented>0</segmented>
	<object>
		<name>swoosh</name>
		<pose>Unspecified</pose>
		<truncated>0</truncated>
		<difficult>0</difficult>
		<bndbox>
			<xmin>70</xmin>
			<ymin>224</ymin>
			<xmax>471</xmax>
			<ymax>368</ymax>
		</bndbox>
	</object>
	<object>
		<name>nike</name>
		<pose>Unspecified</pose>
		<truncated>0</truncated>
		<difficult>0</difficult>
		<bndbox>
			<xmin>133</xmin>
			<ymin>158</ymin>
			<xmax>388</xmax>
			<ymax>271</ymax>
		</bndbox>
	</object>
</annotation>
