<annotation>
	<folder>nikelogos</folder>
	<filename>nike_logo_jumper_231.jpg</filename>
	<path>../images/nike_logo_jumper_231.jpg</path>
	<source>
		<database>Unknown</database>
	</source>
	<size>
		<width>512</width>
		<height>512</height>
		<depth>3</depth>
	</size>
	<segmented>0</segmented>
	<object>
		<name>swoosh</name>
		<pose>Unspecified</pose>
		<truncated>0</truncated>
		<difficult>0</difficult>
		<bndbox>
			<xmin>282</xmin>
			<ymin>151</ymin>
			<xmax>330</xmax>
			<ymax>168</ymax>
		</bndbox>
	</object>
	<object>
		<name>nike</name>
		<pose>Unspecified</pose>
		<truncated>0</truncated>
		<difficult>0</difficult>
		<bndbox>
			<xmin>198</xmin>
			<ymin>147</ymin>
			<xmax>272</xmax>
			<ymax>170</ymax>
		</bndbox>
	</object>
</annotation>
