<annotation>
	<folder>nikelogos</folder>
	<filename>nike_logo_19.jpg</filename>
	<path>../images/nike_logo_19.jpg</path>
	<source>
		<database>Unknown</database>
	</source>
	<size>
		<width>512</width>
		<height>512</height>
		<depth>1</depth>
	</size>
	<segmented>0</segmented>
	<object>
		<name>swoosh</name>
		<pose>Unspecified</pose>
		<truncated>1</truncated>
		<difficult>0</difficult>
		<bndbox>
			<xmin>2</xmin>
			<ymin>1</ymin>
			<xmax>512</xmax>
			<ymax>507</ymax>
		</bndbox>
	</object>
</annotation>
