<annotation>
	<folder>nikelogos</folder>
	<filename>nike_logo_tshirt_338.jpg</filename>
	<path>../images/nike_logo_tshirt_338.jpg</path>
	<source>
		<database>Unknown</database>
	</source>
	<size>
		<width>512</width>
		<height>512</height>
		<depth>3</depth>
	</size>
	<segmented>0</segmented>
	<object>
		<name>swoosh</name>
		<pose>Unspecified</pose>
		<truncated>0</truncated>
		<difficult>0</difficult>
		<bndbox>
			<xmin>173</xmin>
			<ymin>148</ymin>
			<xmax>340</xmax>
			<ymax>207</ymax>
		</bndbox>
	</object>
	<object>
		<name>swoosh</name>
		<pose>Unspecified</pose>
		<truncated>0</truncated>
		<difficult>0</difficult>
		<bndbox>
			<xmin>236</xmin>
			<ymin>52</ymin>
			<xmax>270</xmax>
			<ymax>63</ymax>
		</bndbox>
	</object>
	<object>
		<name>nike</name>
		<pose>Unspecified</pose>
		<truncated>0</truncated>
		<difficult>0</difficult>
		<bndbox>
			<xmin>195</xmin>
			<ymin>113</ymin>
			<xmax>305</xmax>
			<ymax>165</ymax>
		</bndbox>
	</object>
</annotation>
