<annotation>
	<folder>nikelogos</folder>
	<filename>nike_logo_24.jpg</filename>
	<path>../images/nike_logo_24.jpg</path>
	<source>
		<database>Unknown</database>
	</source>
	<size>
		<width>512</width>
		<height>512</height>
		<depth>3</depth>
	</size>
	<segmented>0</segmented>
	<object>
		<name>swoosh</name>
		<pose>Unspecified</pose>
		<truncated>0</truncated>
		<difficult>0</difficult>
		<bndbox>
			<xmin>101</xmin>
			<ymin>223</ymin>
			<xmax>395</xmax>
			<ymax>366</ymax>
		</bndbox>
	</object>
	<object>
		<name>nike</name>
		<pose>Unspecified</pose>
		<truncated>0</truncated>
		<difficult>0</difficult>
		<bndbox>
			<xmin>143</xmin>
			<ymin>155</ymin>
			<xmax>348</xmax>
			<ymax>256</ymax>
		</bndbox>
	</object>
</annotation>
