<annotation>
	<folder>nikelogos</folder>
	<filename>nike_logo_shoes_610.jpg</filename>
	<path>../images/nike_logo_shoes_610.jpg</path>
	<source>
		<database>Unknown</database>
	</source>
	<size>
		<width>512</width>
		<height>512</height>
		<depth>3</depth>
	</size>
	<segmented>0</segmented>
	<object>
		<name>swoosh</name>
		<pose>Unspecified</pose>
		<truncated>0</truncated>
		<difficult>0</difficult>
		<bndbox>
			<xmin>58</xmin>
			<ymin>175</ymin>
			<xmax>234</xmax>
			<ymax>283</ymax>
		</bndbox>
	</object>
	<object>
		<name>swoosh</name>
		<pose>Unspecified</pose>
		<truncated>0</truncated>
		<difficult>0</difficult>
		<bndbox>
			<xmin>378</xmin>
			<ymin>283</ymin>
			<xmax>461</xmax>
			<ymax>395</ymax>
		</bndbox>
	</object>
	<object>
		<name>nike</name>
		<pose>Unspecified</pose>
		<truncated>0</truncated>
		<difficult>0</difficult>
		<bndbox>
			<xmin>354</xmin>
			<ymin>203</ymin>
			<xmax>397</xmax>
			<ymax>222</ymax>
		</bndbox>
	</object>
</annotation>
