<annotation>
	<folder>nikelogos</folder>
	<filename>nike_logo_shoes_586.jpg</filename>
	<path>../images/nike_logo_shoes_586.jpg</path>
	<source>
		<database>Unknown</database>
	</source>
	<size>
		<width>512</width>
		<height>512</height>
		<depth>3</depth>
	</size>
	<segmented>0</segmented>
	<object>
		<name>swoosh</name>
		<pose>Unspecified</pose>
		<truncated>0</truncated>
		<difficult>0</difficult>
		<bndbox>
			<xmin>212</xmin>
			<ymin>171</ymin>
			<xmax>317</xmax>
			<ymax>279</ymax>
		</bndbox>
	</object>
	<object>
		<name>swoosh</name>
		<pose>Unspecified</pose>
		<truncated>0</truncated>
		<difficult>0</difficult>
		<bndbox>
			<xmin>68</xmin>
			<ymin>206</ymin>
			<xmax>137</xmax>
			<ymax>332</ymax>
		</bndbox>
	</object>
</annotation>
