<annotation>
	<folder>nikelogos</folder>
	<filename>nike_logo_76.jpg</filename>
	<path>../images/nike_logo_76.jpg</path>
	<source>
		<database>Unknown</database>
	</source>
	<size>
		<width>512</width>
		<height>512</height>
		<depth>3</depth>
	</size>
	<segmented>0</segmented>
	<object>
		<name>swoosh</name>
		<pose>Unspecified</pose>
		<truncated>0</truncated>
		<difficult>0</difficult>
		<bndbox>
			<xmin>258</xmin>
			<ymin>180</ymin>
			<xmax>482</xmax>
			<ymax>295</ymax>
		</bndbox>
	</object>
	<object>
		<name>nike</name>
		<pose>Unspecified</pose>
		<truncated>0</truncated>
		<difficult>0</difficult>
		<bndbox>
			<xmin>68</xmin>
			<ymin>179</ymin>
			<xmax>337</xmax>
			<ymax>293</ymax>
		</bndbox>
	</object>
</annotation>
