<annotation>
	<folder>nikelogos</folder>
	<filename>nike_logo_jumper_156.jpg</filename>
	<path>../images/nike_logo_jumper_156.jpg</path>
	<source>
		<database>Unknown</database>
	</source>
	<size>
		<width>512</width>
		<height>512</height>
		<depth>3</depth>
	</size>
	<segmented>0</segmented>
	<object>
		<name>nike</name>
		<pose>Unspecified</pose>
		<truncated>1</truncated>
		<difficult>0</difficult>
		<bndbox>
			<xmin>182</xmin>
			<ymin>77</ymin>
			<xmax>512</xmax>
			<ymax>287</ymax>
		</bndbox>
	</object>
	<object>
		<name>swoosh</name>
		<pose>Unspecified</pose>
		<truncated>1</truncated>
		<difficult>0</difficult>
		<bndbox>
			<xmin>86</xmin>
			<ymin>270</ymin>
			<xmax>512</xmax>
			<ymax>475</ymax>
		</bndbox>
	</object>
</annotation>
