<annotation>
	<folder>nikelogos</folder>
	<filename>nike_logo_jumper_214.jpg</filename>
	<path>../images/nike_logo_jumper_214.jpg</path>
	<source>
		<database>Unknown</database>
	</source>
	<size>
		<width>512</width>
		<height>512</height>
		<depth>3</depth>
	</size>
	<segmented>0</segmented>
	<object>
		<name>nike</name>
		<pose>Unspecified</pose>
		<truncated>0</truncated>
		<difficult>0</difficult>
		<bndbox>
			<xmin>204</xmin>
			<ymin>178</ymin>
			<xmax>299</xmax>
			<ymax>219</ymax>
		</bndbox>
	</object>
	<object>
		<name>swoosh</name>
		<pose>Unspecified</pose>
		<truncated>0</truncated>
		<difficult>0</difficult>
		<bndbox>
			<xmin>183</xmin>
			<ymin>196</ymin>
			<xmax>341</xmax>
			<ymax>247</ymax>
		</bndbox>
	</object>
</annotation>
