<annotation>
	<folder>nikelogos</folder>
	<filename>nike_logo_shoes_593.jpg</filename>
	<path>../images/nike_logo_shoes_593.jpg</path>
	<source>
		<database>Unknown</database>
	</source>
	<size>
		<width>512</width>
		<height>512</height>
		<depth>3</depth>
	</size>
	<segmented>0</segmented>
	<object>
		<name>swoosh</name>
		<pose>Unspecified</pose>
		<truncated>0</truncated>
		<difficult>0</difficult>
		<bndbox>
			<xmin>14</xmin>
			<ymin>223</ymin>
			<xmax>193</xmax>
			<ymax>378</ymax>
		</bndbox>
	</object>
	<object>
		<name>swoosh</name>
		<pose>Unspecified</pose>
		<truncated>0</truncated>
		<difficult>0</difficult>
		<bndbox>
			<xmin>119</xmin>
			<ymin>145</ymin>
			<xmax>162</xmax>
			<ymax>194</ymax>
		</bndbox>
	</object>
	<object>
		<name>nike</name>
		<pose>Unspecified</pose>
		<truncated>0</truncated>
		<difficult>0</difficult>
		<bndbox>
			<xmin>113</xmin>
			<ymin>136</ymin>
			<xmax>152</xmax>
			<ymax>174</ymax>
		</bndbox>
	</object>
</annotation>
