<annotation>
	<folder>nikelogos</folder>
	<filename>nike_logo_jumper_221.jpg</filename>
	<path>../images/nike_logo_jumper_221.jpg</path>
	<source>
		<database>Unknown</database>
	</source>
	<size>
		<width>512</width>
		<height>512</height>
		<depth>3</depth>
	</size>
	<segmented>0</segmented>
	<object>
		<name>swoosh</name>
		<pose>Unspecified</pose>
		<truncated>0</truncated>
		<difficult>0</difficult>
		<bndbox>
			<xmin>301</xmin>
			<ymin>349</ymin>
			<xmax>362</xmax>
			<ymax>373</ymax>
		</bndbox>
	</object>
	<object>
		<name>nike</name>
		<pose>Unspecified</pose>
		<truncated>0</truncated>
		<difficult>0</difficult>
		<bndbox>
			<xmin>311</xmin>
			<ymin>331</ymin>
			<xmax>354</xmax>
			<ymax>352</ymax>
		</bndbox>
	</object>
</annotation>
