<annotation>
	<folder>nikelogos</folder>
	<filename>nike_logo_jumper_249.jpg</filename>
	<path>../images/nike_logo_jumper_249.jpg</path>
	<source>
		<database>Unknown</database>
	</source>
	<size>
		<width>512</width>
		<height>512</height>
		<depth>3</depth>
	</size>
	<segmented>0</segmented>
	<object>
		<name>swoosh</name>
		<pose>Unspecified</pose>
		<truncated>0</truncated>
		<difficult>0</difficult>
		<bndbox>
			<xmin>242</xmin>
			<ymin>282</ymin>
			<xmax>313</xmax>
			<ymax>320</ymax>
		</bndbox>
	</object>
	<object>
		<name>nike</name>
		<pose>Unspecified</pose>
		<truncated>0</truncated>
		<difficult>0</difficult>
		<bndbox>
			<xmin>186</xmin>
			<ymin>201</ymin>
			<xmax>372</xmax>
			<ymax>312</ymax>
		</bndbox>
	</object>
</annotation>
