<annotation>
	<folder>nikelogos</folder>
	<filename>nike_logo_jumper_209.jpg</filename>
	<path>../images/nike_logo_jumper_209.jpg</path>
	<source>
		<database>Unknown</database>
	</source>
	<size>
		<width>512</width>
		<height>512</height>
		<depth>3</depth>
	</size>
	<segmented>0</segmented>
	<object>
		<name>swoosh</name>
		<pose>Unspecified</pose>
		<truncated>0</truncated>
		<difficult>0</difficult>
		<bndbox>
			<xmin>164</xmin>
			<ymin>237</ymin>
			<xmax>282</xmax>
			<ymax>265</ymax>
		</bndbox>
	</object>
	<object>
		<name>nike</name>
		<pose>Unspecified</pose>
		<truncated>0</truncated>
		<difficult>0</difficult>
		<bndbox>
			<xmin>113</xmin>
			<ymin>192</ymin>
			<xmax>334</xmax>
			<ymax>245</ymax>
		</bndbox>
	</object>
</annotation>
