<annotation>
	<folder>images</folder>
	<filename>nike_logo_tshirt_359.jpg</filename>
	<path>../images/nike_logo_tshirt_359.jpg</path>
	<source>
		<database>Unknown</database>
	</source>
	<size>
		<width>512</width>
		<height>512</height>
		<depth>3</depth>
	</size>
	<segmented>0</segmented>
	<object>
		<name>swoosh</name>
		<pose>Unspecified</pose>
		<truncated>0</truncated>
		<difficult>0</difficult>
		<bndbox>
			<xmin>284</xmin>
			<ymin>196</ymin>
			<xmax>357</xmax>
			<ymax>221</ymax>
		</bndbox>
	</object>
	<object>
		<name>person</name>
		<pose>Unspecified</pose>
		<truncated>1</truncated>
		<difficult>0</difficult>
		<bndbox>
			<xmin>126</xmin>
			<ymin>5</ymin>
			<xmax>393</xmax>
			<ymax>512</ymax>
		</bndbox>
	</object>
</annotation>
