<annotation>
	<folder>nikelogos</folder>
	<filename>nike_logo_jumper_208.jpg</filename>
	<path>../images/nike_logo_jumper_208.jpg</path>
	<source>
		<database>Unknown</database>
	</source>
	<size>
		<width>512</width>
		<height>512</height>
		<depth>3</depth>
	</size>
	<segmented>0</segmented>
	<object>
		<name>swoosh</name>
		<pose>Unspecified</pose>
		<truncated>0</truncated>
		<difficult>0</difficult>
		<bndbox>
			<xmin>133</xmin>
			<ymin>139</ymin>
			<xmax>166</xmax>
			<ymax>156</ymax>
		</bndbox>
	</object>
	<object>
		<name>swoosh</name>
		<pose>Unspecified</pose>
		<truncated>0</truncated>
		<difficult>0</difficult>
		<bndbox>
			<xmin>238</xmin>
			<ymin>37</ymin>
			<xmax>249</xmax>
			<ymax>42</ymax>
		</bndbox>
	</object>
</annotation>
