<annotation>
	<folder>nikelogos</folder>
	<filename>nike_logo_jumper_194.jpg</filename>
	<path>../images/nike_logo_jumper_194.jpg</path>
	<source>
		<database>Unknown</database>
	</source>
	<size>
		<width>512</width>
		<height>512</height>
		<depth>3</depth>
	</size>
	<segmented>0</segmented>
	<object>
		<name>swoosh</name>
		<pose>Unspecified</pose>
		<truncated>0</truncated>
		<difficult>0</difficult>
		<bndbox>
			<xmin>297</xmin>
			<ymin>285</ymin>
			<xmax>385</xmax>
			<ymax>313</ymax>
		</bndbox>
	</object>
	<object>
		<name>nike</name>
		<pose>Unspecified</pose>
		<truncated>0</truncated>
		<difficult>0</difficult>
		<bndbox>
			<xmin>150</xmin>
			<ymin>269</ymin>
			<xmax>272</xmax>
			<ymax>315</ymax>
		</bndbox>
	</object>
	<object>
		<name>nike</name>
		<pose>Unspecified</pose>
		<truncated>0</truncated>
		<difficult>0</difficult>
		<bndbox>
			<xmin>250</xmin>
			<ymin>105</ymin>
			<xmax>271</xmax>
			<ymax>114</ymax>
		</bndbox>
	</object>
</annotation>
