<annotation>
	<folder>nikelogos</folder>
	<filename>nike_logo_jumper_174.jpg</filename>
	<path>../images/nike_logo_jumper_174.jpg</path>
	<source>
		<database>Unknown</database>
	</source>
	<size>
		<width>512</width>
		<height>512</height>
		<depth>3</depth>
	</size>
	<segmented>0</segmented>
	<object>
		<name>swoosh</name>
		<pose>Unspecified</pose>
		<truncated>0</truncated>
		<difficult>0</difficult>
		<bndbox>
			<xmin>217</xmin>
			<ymin>189</ymin>
			<xmax>328</xmax>
			<ymax>249</ymax>
		</bndbox>
	</object>
	<object>
		<name>nike</name>
		<pose>Unspecified</pose>
		<truncated>0</truncated>
		<difficult>0</difficult>
		<bndbox>
			<xmin>237</xmin>
			<ymin>164</ymin>
			<xmax>312</xmax>
			<ymax>203</ymax>
		</bndbox>
	</object>
</annotation>
