<annotation>
	<folder>nikelogos</folder>
	<filename>nike_logo_jumper_238.jpg</filename>
	<path>../images/nike_logo_jumper_238.jpg</path>
	<source>
		<database>Unknown</database>
	</source>
	<size>
		<width>512</width>
		<height>512</height>
		<depth>3</depth>
	</size>
	<segmented>0</segmented>
	<object>
		<name>swoosh</name>
		<pose>Unspecified</pose>
		<truncated>0</truncated>
		<difficult>0</difficult>
		<bndbox>
			<xmin>175</xmin>
			<ymin>134</ymin>
			<xmax>208</xmax>
			<ymax>147</ymax>
		</bndbox>
	</object>
	<object>
		<name>swoosh</name>
		<pose>Unspecified</pose>
		<truncated>0</truncated>
		<difficult>0</difficult>
		<bndbox>
			<xmin>423</xmin>
			<ymin>319</ymin>
			<xmax>441</xmax>
			<ymax>325</ymax>
		</bndbox>
	</object>
	<object>
		<name>swoosh</name>
		<pose>Unspecified</pose>
		<truncated>0</truncated>
		<difficult>0</difficult>
		<bndbox>
			<xmin>422</xmin>
			<ymin>62</ymin>
			<xmax>436</xmax>
			<ymax>68</ymax>
		</bndbox>
	</object>
</annotation>
