<annotation>
	<folder>images</folder>
	<filename>nike_logo_hoodie_424.jpg</filename>
	<path>../images/nike_logo_hoodie_424.jpg</path>
	<source>
		<database>Unknown</database>
	</source>
	<size>
		<width>512</width>
		<height>512</height>
		<depth>3</depth>
	</size>
	<segmented>0</segmented>
	<object>
		<name>swoosh</name>
		<pose>Unspecified</pose>
		<truncated>0</truncated>
		<difficult>0</difficult>
		<bndbox>
			<xmin>361</xmin>
			<ymin>483</ymin>
			<xmax>373</xmax>
			<ymax>496</ymax>
		</bndbox>
	</object>
	<object>
		<name>swoosh</name>
		<pose>Unspecified</pose>
		<truncated>0</truncated>
		<difficult>0</difficult>
		<bndbox>
			<xmin>419</xmin>
			<ymin>393</ymin>
			<xmax>433</xmax>
			<ymax>403</ymax>
		</bndbox>
	</object>
	<object>
		<name>swoosh</name>
		<pose>Unspecified</pose>
		<truncated>0</truncated>
		<difficult>0</difficult>
		<bndbox>
			<xmin>420</xmin>
			<ymin>375</ymin>
			<xmax>431</xmax>
			<ymax>387</ymax>
		</bndbox>
	</object>
	<object>
		<name>swoosh</name>
		<pose>Unspecified</pose>
		<truncated>0</truncated>
		<difficult>0</difficult>
		<bndbox>
			<xmin>198</xmin>
			<ymin>181</ymin>
			<xmax>327</xmax>
			<ymax>224</ymax>
		</bndbox>
	</object>
	<object>
		<name>person</name>
		<pose>Unspecified</pose>
		<truncated>1</truncated>
		<difficult>0</difficult>
		<bndbox>
			<xmin>71</xmin>
			<ymin>1</ymin>
			<xmax>459</xmax>
			<ymax>512</ymax>
		</bndbox>
	</object>
</annotation>
