<annotation>
	<folder>nikelogos</folder>
	<filename>nike_logo_shoes_588.jpg</filename>
	<path>../images/nike_logo_shoes_588.jpg</path>
	<source>
		<database>Unknown</database>
	</source>
	<size>
		<width>512</width>
		<height>512</height>
		<depth>3</depth>
	</size>
	<segmented>0</segmented>
	<object>
		<name>swoosh</name>
		<pose>Unspecified</pose>
		<truncated>0</truncated>
		<difficult>0</difficult>
		<bndbox>
			<xmin>196</xmin>
			<ymin>158</ymin>
			<xmax>321</xmax>
			<ymax>213</ymax>
		</bndbox>
	</object>
	<object>
		<name>nike</name>
		<pose>Unspecified</pose>
		<truncated>0</truncated>
		<difficult>0</difficult>
		<bndbox>
			<xmin>216</xmin>
			<ymin>143</ymin>
			<xmax>297</xmax>
			<ymax>183</ymax>
		</bndbox>
	</object>
</annotation>
