<annotation>
	<folder>nikelogos</folder>
	<filename>nike_logo_jumper_233.jpg</filename>
	<path>../images/nike_logo_jumper_233.jpg</path>
	<source>
		<database>Unknown</database>
	</source>
	<size>
		<width>512</width>
		<height>512</height>
		<depth>3</depth>
	</size>
	<segmented>0</segmented>
	<object>
		<name>swoosh</name>
		<pose>Unspecified</pose>
		<truncated>0</truncated>
		<difficult>0</difficult>
		<bndbox>
			<xmin>123</xmin>
			<ymin>319</ymin>
			<xmax>301</xmax>
			<ymax>358</ymax>
		</bndbox>
	</object>
	<object>
		<name>nike</name>
		<pose>Unspecified</pose>
		<truncated>0</truncated>
		<difficult>0</difficult>
		<bndbox>
			<xmin>152</xmin>
			<ymin>286</ymin>
			<xmax>280</xmax>
			<ymax>326</ymax>
		</bndbox>
	</object>
</annotation>
