<annotation>
	<folder>nikelogos</folder>
	<filename>nike_logo_jumper_142.jpg</filename>
	<path>../images/nike_logo_jumper_142.jpg</path>
	<source>
		<database>Unknown</database>
	</source>
	<size>
		<width>512</width>
		<height>512</height>
		<depth>3</depth>
	</size>
	<segmented>0</segmented>
	<object>
		<name>swoosh</name>
		<pose>Unspecified</pose>
		<truncated>0</truncated>
		<difficult>0</difficult>
		<bndbox>
			<xmin>153</xmin>
			<ymin>227</ymin>
			<xmax>213</xmax>
			<ymax>246</ymax>
		</bndbox>
	</object>
	<object>
		<name>nike</name>
		<pose>Unspecified</pose>
		<truncated>0</truncated>
		<difficult>0</difficult>
		<bndbox>
			<xmin>164</xmin>
			<ymin>215</ymin>
			<xmax>199</xmax>
			<ymax>234</ymax>
		</bndbox>
	</object>
</annotation>
