<annotation>
	<folder>nikelogos</folder>
	<filename>nike_logo_tshirt_286.jpg</filename>
	<path>../images/nike_logo_tshirt_286.jpg</path>
	<source>
		<database>Unknown</database>
	</source>
	<size>
		<width>512</width>
		<height>512</height>
		<depth>3</depth>
	</size>
	<segmented>0</segmented>
	<object>
		<name>nike</name>
		<pose>Unspecified</pose>
		<truncated>0</truncated>
		<difficult>0</difficult>
		<bndbox>
			<xmin>204</xmin>
			<ymin>113</ymin>
			<xmax>306</xmax>
			<ymax>157</ymax>
		</bndbox>
	</object>
	<object>
		<name>swoosh</name>
		<pose>Unspecified</pose>
		<truncated>0</truncated>
		<difficult>0</difficult>
		<bndbox>
			<xmin>182</xmin>
			<ymin>136</ymin>
			<xmax>338</xmax>
			<ymax>197</ymax>
		</bndbox>
	</object>
</annotation>
