<annotation>
	<folder>nikelogos</folder>
	<filename>nike_logo_tshirt_254.jpg</filename>
	<path>../images/nike_logo_tshirt_254.jpg</path>
	<source>
		<database>Unknown</database>
	</source>
	<size>
		<width>512</width>
		<height>512</height>
		<depth>3</depth>
	</size>
	<segmented>0</segmented>
	<object>
		<name>swoosh</name>
		<pose>Unspecified</pose>
		<truncated>0</truncated>
		<difficult>0</difficult>
		<bndbox>
			<xmin>175</xmin>
			<ymin>140</ymin>
			<xmax>332</xmax>
			<ymax>207</ymax>
		</bndbox>
	</object>
	<object>
		<name>nike</name>
		<pose>Unspecified</pose>
		<truncated>0</truncated>
		<difficult>0</difficult>
		<bndbox>
			<xmin>197</xmin>
			<ymin>115</ymin>
			<xmax>303</xmax>
			<ymax>163</ymax>
		</bndbox>
	</object>
</annotation>
