<annotation>
	<folder>images</folder>
	<filename>nike_logo_hoodie_425.jpg</filename>
	<path>../images/nike_logo_hoodie_425.jpg</path>
	<source>
		<database>Unknown</database>
	</source>
	<size>
		<width>512</width>
		<height>512</height>
		<depth>3</depth>
	</size>
	<segmented>0</segmented>
	<object>
		<name>swoosh</name>
		<pose>Unspecified</pose>
		<truncated>0</truncated>
		<difficult>0</difficult>
		<bndbox>
			<xmin>173</xmin>
			<ymin>214</ymin>
			<xmax>363</xmax>
			<ymax>279</ymax>
		</bndbox>
	</object>
	<object>
		<name>person</name>
		<pose>Unspecified</pose>
		<truncated>1</truncated>
		<difficult>0</difficult>
		<bndbox>
			<xmin>80</xmin>
			<ymin>3</ymin>
			<xmax>408</xmax>
			<ymax>512</ymax>
		</bndbox>
	</object>
</annotation>
