<annotation>
	<folder>images</folder>
	<filename>nike_logo_hoodie_375.jpg</filename>
	<path>../images/nike_logo_hoodie_375.jpg</path>
	<source>
		<database>Unknown</database>
	</source>
	<size>
		<width>512</width>
		<height>512</height>
		<depth>3</depth>
	</size>
	<segmented>0</segmented>
	<object>
		<name>nike</name>
		<pose>Unspecified</pose>
		<truncated>0</truncated>
		<difficult>0</difficult>
		<bndbox>
			<xmin>209</xmin>
			<ymin>210</ymin>
			<xmax>336</xmax>
			<ymax>258</ymax>
		</bndbox>
	</object>
	<object>
		<name>person</name>
		<pose>Unspecified</pose>
		<truncated>0</truncated>
		<difficult>0</difficult>
		<bndbox>
			<xmin>77</xmin>
			<ymin>2</ymin>
			<xmax>406</xmax>
			<ymax>510</ymax>
		</bndbox>
	</object>
</annotation>
