<annotation>
	<folder>nikelogos</folder>
	<filename>nike_logo_shoes_510.jpg</filename>
	<path>../images/nike_logo_shoes_510.jpg</path>
	<source>
		<database>Unknown</database>
	</source>
	<size>
		<width>512</width>
		<height>512</height>
		<depth>3</depth>
	</size>
	<segmented>0</segmented>
	<object>
		<name>swoosh</name>
		<pose>Unspecified</pose>
		<truncated>0</truncated>
		<difficult>0</difficult>
		<bndbox>
			<xmin>144</xmin>
			<ymin>211</ymin>
			<xmax>227</xmax>
			<ymax>346</ymax>
		</bndbox>
	</object>
	<object>
		<name>swoosh</name>
		<pose>Unspecified</pose>
		<truncated>0</truncated>
		<difficult>0</difficult>
		<bndbox>
			<xmin>247</xmin>
			<ymin>158</ymin>
			<xmax>347</xmax>
			<ymax>237</ymax>
		</bndbox>
	</object>
</annotation>
