<annotation>
	<folder>nikelogos</folder>
	<filename>nike_logo_tshirt_280.jpg</filename>
	<path>../images/nike_logo_tshirt_280.jpg</path>
	<source>
		<database>Unknown</database>
	</source>
	<size>
		<width>512</width>
		<height>512</height>
		<depth>3</depth>
	</size>
	<segmented>0</segmented>
	<object>
		<name>swoosh</name>
		<pose>Unspecified</pose>
		<truncated>0</truncated>
		<difficult>0</difficult>
		<bndbox>
			<xmin>133</xmin>
			<ymin>126</ymin>
			<xmax>289</xmax>
			<ymax>185</ymax>
		</bndbox>
	</object>
	<object>
		<name>swoosh</name>
		<pose>Unspecified</pose>
		<truncated>0</truncated>
		<difficult>0</difficult>
		<bndbox>
			<xmin>421</xmin>
			<ymin>191</ymin>
			<xmax>433</xmax>
			<ymax>203</ymax>
		</bndbox>
	</object>
	<object>
		<name>swoosh</name>
		<pose>Unspecified</pose>
		<truncated>0</truncated>
		<difficult>0</difficult>
		<bndbox>
			<xmin>223</xmin>
			<ymin>31</ymin>
			<xmax>247</xmax>
			<ymax>39</ymax>
		</bndbox>
	</object>
</annotation>
