<annotation>
	<folder>nikelogos</folder>
	<filename>nike_logo_tshirt_362.jpg</filename>
	<path>../images/nike_logo_tshirt_362.jpg</path>
	<source>
		<database>Unknown</database>
	</source>
	<size>
		<width>512</width>
		<height>512</height>
		<depth>3</depth>
	</size>
	<segmented>0</segmented>
	<object>
		<name>swoosh</name>
		<pose>Unspecified</pose>
		<truncated>0</truncated>
		<difficult>0</difficult>
		<bndbox>
			<xmin>160</xmin>
			<ymin>174</ymin>
			<xmax>342</xmax>
			<ymax>399</ymax>
		</bndbox>
	</object>
	<object>
		<name>swoosh</name>
		<pose>Unspecified</pose>
		<truncated>0</truncated>
		<difficult>0</difficult>
		<bndbox>
			<xmin>370</xmin>
			<ymin>489</ymin>
			<xmax>387</xmax>
			<ymax>497</ymax>
		</bndbox>
	</object>
</annotation>
