<annotation>
	<folder>images</folder>
	<filename>nike_logo_hoodie_472.jpg</filename>
	<path>../images/nike_logo_hoodie_472.jpg</path>
	<source>
		<database>Unknown</database>
	</source>
	<size>
		<width>512</width>
		<height>512</height>
		<depth>3</depth>
	</size>
	<segmented>0</segmented>
	<object>
		<name>swoosh</name>
		<pose>Unspecified</pose>
		<truncated>0</truncated>
		<difficult>0</difficult>
		<bndbox>
			<xmin>286</xmin>
			<ymin>189</ymin>
			<xmax>307</xmax>
			<ymax>198</ymax>
		</bndbox>
	</object>
	<object>
		<name>person</name>
		<pose>Unspecified</pose>
		<truncated>1</truncated>
		<difficult>0</difficult>
		<bndbox>
			<xmin>74</xmin>
			<ymin>21</ymin>
			<xmax>404</xmax>
			<ymax>512</ymax>
		</bndbox>
	</object>
</annotation>
