<annotation>
	<folder>nikelogos</folder>
	<filename>nike_logo_jumper_234.jpg</filename>
	<path>../images/nike_logo_jumper_234.jpg</path>
	<source>
		<database>Unknown</database>
	</source>
	<size>
		<width>512</width>
		<height>512</height>
		<depth>3</depth>
	</size>
	<segmented>0</segmented>
	<object>
		<name>nike</name>
		<pose>Unspecified</pose>
		<truncated>0</truncated>
		<difficult>0</difficult>
		<bndbox>
			<xmin>179</xmin>
			<ymin>152</ymin>
			<xmax>254</xmax>
			<ymax>176</ymax>
		</bndbox>
	</object>
	<object>
		<name>nike</name>
		<pose>Unspecified</pose>
		<truncated>0</truncated>
		<difficult>0</difficult>
		<bndbox>
			<xmin>244</xmin>
			<ymin>50</ymin>
			<xmax>255</xmax>
			<ymax>56</ymax>
		</bndbox>
	</object>
	<object>
		<name>swoosh</name>
		<pose>Unspecified</pose>
		<truncated>0</truncated>
		<difficult>0</difficult>
		<bndbox>
			<xmin>260</xmin>
			<ymin>160</ymin>
			<xmax>305</xmax>
			<ymax>176</ymax>
		</bndbox>
	</object>
</annotation>
