<annotation>
	<folder>nikelogos</folder>
	<filename>nike_logo_118.jpg</filename>
	<path>../images/nike_logo_118.jpg</path>
	<source>
		<database>Unknown</database>
	</source>
	<size>
		<width>512</width>
		<height>512</height>
		<depth>3</depth>
	</size>
	<segmented>0</segmented>
	<object>
		<name>nike</name>
		<pose>Unspecified</pose>
		<truncated>0</truncated>
		<difficult>0</difficult>
		<bndbox>
			<xmin>83</xmin>
			<ymin>57</ymin>
			<xmax>404</xmax>
			<ymax>270</ymax>
		</bndbox>
	</object>
	<object>
		<name>swoosh</name>
		<pose>Unspecified</pose>
		<truncated>0</truncated>
		<difficult>0</difficult>
		<bndbox>
			<xmin>17</xmin>
			<ymin>194</ymin>
			<xmax>495</xmax>
			<ymax>462</ymax>
		</bndbox>
	</object>
</annotation>
