<annotation>
	<folder>nikelogos</folder>
	<filename>nike_logo_jumper_239.jpg</filename>
	<path>../images/nike_logo_jumper_239.jpg</path>
	<source>
		<database>Unknown</database>
	</source>
	<size>
		<width>512</width>
		<height>512</height>
		<depth>3</depth>
	</size>
	<segmented>0</segmented>
	<object>
		<name>swoosh</name>
		<pose>Unspecified</pose>
		<truncated>0</truncated>
		<difficult>0</difficult>
		<bndbox>
			<xmin>331</xmin>
			<ymin>131</ymin>
			<xmax>380</xmax>
			<ymax>142</ymax>
		</bndbox>
	</object>
</annotation>
