<annotation>
	<folder>nikelogos</folder>
	<filename>nike_logo_jumper_179.jpg</filename>
	<path>../images/nike_logo_jumper_179.jpg</path>
	<source>
		<database>Unknown</database>
	</source>
	<size>
		<width>512</width>
		<height>512</height>
		<depth>3</depth>
	</size>
	<segmented>0</segmented>
	<object>
		<name>swoosh</name>
		<pose>Unspecified</pose>
		<truncated>0</truncated>
		<difficult>0</difficult>
		<bndbox>
			<xmin>247</xmin>
			<ymin>238</ymin>
			<xmax>278</xmax>
			<ymax>251</ymax>
		</bndbox>
	</object>
	<object>
		<name>nike</name>
		<pose>Unspecified</pose>
		<truncated>0</truncated>
		<difficult>0</difficult>
		<bndbox>
			<xmin>223</xmin>
			<ymin>179</ymin>
			<xmax>336</xmax>
			<ymax>260</ymax>
		</bndbox>
	</object>
</annotation>
