<annotation>
	<folder>nikelogos</folder>
	<filename>nike_logo_33.jpg</filename>
	<path>../images/nike_logo_33.jpg</path>
	<source>
		<database>Unknown</database>
	</source>
	<size>
		<width>512</width>
		<height>512</height>
		<depth>1</depth>
	</size>
	<segmented>0</segmented>
	<object>
		<name>swoosh</name>
		<pose>Unspecified</pose>
		<truncated>0</truncated>
		<difficult>0</difficult>
		<bndbox>
			<xmin>59</xmin>
			<ymin>187</ymin>
			<xmax>455</xmax>
			<ymax>439</ymax>
		</bndbox>
	</object>
	<object>
		<name>nike</name>
		<pose>Unspecified</pose>
		<truncated>0</truncated>
		<difficult>0</difficult>
		<bndbox>
			<xmin>111</xmin>
			<ymin>76</ymin>
			<xmax>373</xmax>
			<ymax>266</ymax>
		</bndbox>
	</object>
</annotation>
