<annotation>
	<folder>nikelogos</folder>
	<filename>nike_logo_jumper_200.jpg</filename>
	<path>../images/nike_logo_jumper_200.jpg</path>
	<source>
		<database>Unknown</database>
	</source>
	<size>
		<width>512</width>
		<height>512</height>
		<depth>3</depth>
	</size>
	<segmented>0</segmented>
	<object>
		<name>nike</name>
		<pose>Unspecified</pose>
		<truncated>0</truncated>
		<difficult>0</difficult>
		<bndbox>
			<xmin>211</xmin>
			<ymin>164</ymin>
			<xmax>310</xmax>
			<ymax>219</ymax>
		</bndbox>
	</object>
	<object>
		<name>swoosh</name>
		<pose>Unspecified</pose>
		<truncated>0</truncated>
		<difficult>0</difficult>
		<bndbox>
			<xmin>189</xmin>
			<ymin>205</ymin>
			<xmax>319</xmax>
			<ymax>264</ymax>
		</bndbox>
	</object>
</annotation>
