<annotation>
	<folder>nikelogos</folder>
	<filename>nike_logo_128.jpg</filename>
	<path>../images/nike_logo_128.jpg</path>
	<source>
		<database>Unknown</database>
	</source>
	<size>
		<width>512</width>
		<height>512</height>
		<depth>3</depth>
	</size>
	<segmented>0</segmented>
	<object>
		<name>swoosh</name>
		<pose>Unspecified</pose>
		<truncated>0</truncated>
		<difficult>0</difficult>
		<bndbox>
			<xmin>142</xmin>
			<ymin>161</ymin>
			<xmax>376</xmax>
			<ymax>303</ymax>
		</bndbox>
	</object>
	<object>
		<name>swoosh</name>
		<pose>Unspecified</pose>
		<truncated>0</truncated>
		<difficult>0</difficult>
		<bndbox>
			<xmin>340</xmin>
			<ymin>151</ymin>
			<xmax>354</xmax>
			<ymax>159</ymax>
		</bndbox>
	</object>
</annotation>
