<annotation>
	<folder>nikelogos</folder>
	<filename>nike_logo_jumper_155.jpg</filename>
	<path>../images/nike_logo_jumper_155.jpg</path>
	<source>
		<database>Unknown</database>
	</source>
	<size>
		<width>512</width>
		<height>512</height>
		<depth>3</depth>
	</size>
	<segmented>0</segmented>
	<object>
		<name>nike</name>
		<pose>Unspecified</pose>
		<truncated>0</truncated>
		<difficult>0</difficult>
		<bndbox>
			<xmin>312</xmin>
			<ymin>149</ymin>
			<xmax>420</xmax>
			<ymax>207</ymax>
		</bndbox>
	</object>
	<object>
		<name>nike</name>
		<pose>Unspecified</pose>
		<truncated>0</truncated>
		<difficult>0</difficult>
		<bndbox>
			<xmin>54</xmin>
			<ymin>143</ymin>
			<xmax>162</xmax>
			<ymax>201</ymax>
		</bndbox>
	</object>
</annotation>
