<annotation>
	<folder>nikelogos</folder>
	<filename>nike_logo_shoes_527.jpg</filename>
	<path>../images/nike_logo_shoes_527.jpg</path>
	<source>
		<database>Unknown</database>
	</source>
	<size>
		<width>512</width>
		<height>512</height>
		<depth>3</depth>
	</size>
	<segmented>0</segmented>
	<object>
		<name>swoosh</name>
		<pose>Unspecified</pose>
		<truncated>0</truncated>
		<difficult>0</difficult>
		<bndbox>
			<xmin>319</xmin>
			<ymin>334</ymin>
			<xmax>467</xmax>
			<ymax>415</ymax>
		</bndbox>
	</object>
	<object>
		<name>swoosh</name>
		<pose>Unspecified</pose>
		<truncated>0</truncated>
		<difficult>0</difficult>
		<bndbox>
			<xmin>195</xmin>
			<ymin>187</ymin>
			<xmax>330</xmax>
			<ymax>284</ymax>
		</bndbox>
	</object>
	<object>
		<name>nike</name>
		<pose>Unspecified</pose>
		<truncated>0</truncated>
		<difficult>0</difficult>
		<bndbox>
			<xmin>384</xmin>
			<ymin>255</ymin>
			<xmax>469</xmax>
			<ymax>350</ymax>
		</bndbox>
	</object>
</annotation>
