<annotation>
	<folder>nikelogos</folder>
	<filename>nike_logo_shoes_509.jpg</filename>
	<path>../images/nike_logo_shoes_509.jpg</path>
	<source>
		<database>Unknown</database>
	</source>
	<size>
		<width>512</width>
		<height>512</height>
		<depth>3</depth>
	</size>
	<segmented>0</segmented>
	<object>
		<name>swoosh</name>
		<pose>Unspecified</pose>
		<truncated>0</truncated>
		<difficult>0</difficult>
		<bndbox>
			<xmin>172</xmin>
			<ymin>239</ymin>
			<xmax>272</xmax>
			<ymax>298</ymax>
		</bndbox>
	</object>
	<object>
		<name>nike</name>
		<pose>Unspecified</pose>
		<truncated>0</truncated>
		<difficult>0</difficult>
		<bndbox>
			<xmin>278</xmin>
			<ymin>206</ymin>
			<xmax>387</xmax>
			<ymax>292</ymax>
		</bndbox>
	</object>
</annotation>
