<annotation>
	<folder>nikelogos</folder>
	<filename>nike_logo_tshirt_295.jpg</filename>
	<path>../images/nike_logo_tshirt_295.jpg</path>
	<source>
		<database>Unknown</database>
	</source>
	<size>
		<width>512</width>
		<height>512</height>
		<depth>3</depth>
	</size>
	<segmented>0</segmented>
	<object>
		<name>swoosh</name>
		<pose>Unspecified</pose>
		<truncated>0</truncated>
		<difficult>0</difficult>
		<bndbox>
			<xmin>177</xmin>
			<ymin>171</ymin>
			<xmax>327</xmax>
			<ymax>223</ymax>
		</bndbox>
	</object>
	<object>
		<name>nike</name>
		<pose>Unspecified</pose>
		<truncated>0</truncated>
		<difficult>0</difficult>
		<bndbox>
			<xmin>195</xmin>
			<ymin>158</ymin>
			<xmax>287</xmax>
			<ymax>195</ymax>
		</bndbox>
	</object>
</annotation>
