<annotation>
	<folder>nikelogos</folder>
	<filename>nike_logo_jumper_253.jpg</filename>
	<path>../images/nike_logo_jumper_253.jpg</path>
	<source>
		<database>Unknown</database>
	</source>
	<size>
		<width>512</width>
		<height>512</height>
		<depth>3</depth>
	</size>
	<segmented>0</segmented>
	<object>
		<name>nike</name>
		<pose>Unspecified</pose>
		<truncated>0</truncated>
		<difficult>0</difficult>
		<bndbox>
			<xmin>185</xmin>
			<ymin>217</ymin>
			<xmax>336</xmax>
			<ymax>296</ymax>
		</bndbox>
	</object>
	<object>
		<name>swoosh</name>
		<pose>Unspecified</pose>
		<truncated>0</truncated>
		<difficult>0</difficult>
		<bndbox>
			<xmin>155</xmin>
			<ymin>267</ymin>
			<xmax>387</xmax>
			<ymax>370</ymax>
		</bndbox>
	</object>
</annotation>
