<annotation>
	<folder>nikelogos</folder>
	<filename>nike_logo_hoodie_413.jpg</filename>
	<path>../images/nike_logo_hoodie_413.jpg</path>
	<source>
		<database>Unknown</database>
	</source>
	<size>
		<width>512</width>
		<height>512</height>
		<depth>3</depth>
	</size>
	<segmented>0</segmented>
	<object>
		<name>swoosh</name>
		<pose>Unspecified</pose>
		<truncated>0</truncated>
		<difficult>0</difficult>
		<bndbox>
			<xmin>187</xmin>
			<ymin>201</ymin>
			<xmax>252</xmax>
			<ymax>225</ymax>
		</bndbox>
	</object>
	<object>
		<name>nike</name>
		<pose>Unspecified</pose>
		<truncated>0</truncated>
		<difficult>0</difficult>
		<bndbox>
			<xmin>199</xmin>
			<ymin>185</ymin>
			<xmax>250</xmax>
			<ymax>207</ymax>
		</bndbox>
	</object>
</annotation>
