<annotation>
	<folder>nikelogos</folder>
	<filename>nike_logo_tshirt_260.jpg</filename>
	<path>../images/nike_logo_tshirt_260.jpg</path>
	<source>
		<database>Unknown</database>
	</source>
	<size>
		<width>512</width>
		<height>512</height>
		<depth>3</depth>
	</size>
	<segmented>0</segmented>
	<object>
		<name>nike</name>
		<pose>Unspecified</pose>
		<truncated>0</truncated>
		<difficult>0</difficult>
		<bndbox>
			<xmin>309</xmin>
			<ymin>404</ymin>
			<xmax>349</xmax>
			<ymax>424</ymax>
		</bndbox>
	</object>
	<object>
		<name>swoosh</name>
		<pose>Unspecified</pose>
		<truncated>0</truncated>
		<difficult>0</difficult>
		<bndbox>
			<xmin>294</xmin>
			<ymin>417</ymin>
			<xmax>364</xmax>
			<ymax>435</ymax>
		</bndbox>
	</object>
</annotation>
