<annotation>
	<folder>nikelogos</folder>
	<filename>nike_logo_shoes_563.jpg</filename>
	<path>../images/nike_logo_shoes_563.jpg</path>
	<source>
		<database>Unknown</database>
	</source>
	<size>
		<width>512</width>
		<height>512</height>
		<depth>3</depth>
	</size>
	<segmented>0</segmented>
	<object>
		<name>swoosh</name>
		<pose>Unspecified</pose>
		<truncated>0</truncated>
		<difficult>0</difficult>
		<bndbox>
			<xmin>317</xmin>
			<ymin>228</ymin>
			<xmax>393</xmax>
			<ymax>262</ymax>
		</bndbox>
	</object>
	<object>
		<name>swoosh</name>
		<pose>Unspecified</pose>
		<truncated>0</truncated>
		<difficult>0</difficult>
		<bndbox>
			<xmin>226</xmin>
			<ymin>255</ymin>
			<xmax>286</xmax>
			<ymax>336</ymax>
		</bndbox>
	</object>
	<object>
		<name>swoosh</name>
		<pose>Unspecified</pose>
		<truncated>0</truncated>
		<difficult>0</difficult>
		<bndbox>
			<xmin>84</xmin>
			<ymin>205</ymin>
			<xmax>119</xmax>
			<ymax>286</ymax>
		</bndbox>
	</object>
</annotation>
