<annotation>
	<folder>people</folder>
	<filename>person_089.png</filename>
	<path>../images/person_089.png</path>
	<source>
		<database>Unknown</database>
	</source>
	<size>
		<width>640</width>
		<height>480</height>
		<depth>3</depth>
	</size>
	<segmented>0</segmented>
	<object>
		<name>person</name>
		<pose>Unspecified</pose>
		<truncated>0</truncated>
		<difficult>0</difficult>
		<bndbox>
			<xmin>335</xmin>
			<ymin>92</ymin>
			<xmax>454</xmax>
			<ymax>420</ymax>
		</bndbox>
	</object>
	<object>
		<name>person</name>
		<pose>Unspecified</pose>
		<truncated>0</truncated>
		<difficult>0</difficult>
		<bndbox>
			<xmin>86</xmin>
			<ymin>109</ymin>
			<xmax>118</xmax>
			<ymax>199</ymax>
		</bndbox>
	</object>
</annotation>
