<annotation>
	<folder>people</folder>
	<filename>person_004.png</filename>
	<path>../images/person_004.png</path>
	<source>
		<database>Unknown</database>
	</source>
	<size>
		<width>640</width>
		<height>480</height>
		<depth>3</depth>
	</size>
	<segmented>0</segmented>
	<object>
		<name>person</name>
		<pose>Unspecified</pose>
		<truncated>0</truncated>
		<difficult>0</difficult>
		<bndbox>
			<xmin>179</xmin>
			<ymin>102</ymin>
			<xmax>210</xmax>
			<ymax>182</ymax>
		</bndbox>
	</object>
</annotation>
