<annotation>
	<folder>people</folder>
	<filename>person_256.png</filename>
	<path>../images/person_256.png</path>
	<source>
		<database>Unknown</database>
	</source>
	<size>
		<width>640</width>
		<height>480</height>
		<depth>3</depth>
	</size>
	<segmented>0</segmented>
	<object>
		<name>person</name>
		<pose>Unspecified</pose>
		<truncated>0</truncated>
		<difficult>0</difficult>
		<bndbox>
			<xmin>273</xmin>
			<ymin>165</ymin>
			<xmax>340</xmax>
			<ymax>440</ymax>
		</bndbox>
	</object>
	<object>
		<name>person</name>
		<pose>Unspecified</pose>
		<truncated>0</truncated>
		<difficult>0</difficult>
		<bndbox>
			<xmin>343</xmin>
			<ymin>170</ymin>
			<xmax>397</xmax>
			<ymax>422</ymax>
		</bndbox>
	</object>
</annotation>
