<annotation>
	<folder>people</folder>
	<filename>person_169.png</filename>
	<path>../images/person_169.png</path>
	<source>
		<database>Unknown</database>
	</source>
	<size>
		<width>640</width>
		<height>480</height>
		<depth>3</depth>
	</size>
	<segmented>0</segmented>
	<object>
		<name>person</name>
		<pose>Unspecified</pose>
		<truncated>0</truncated>
		<difficult>0</difficult>
		<bndbox>
			<xmin>147</xmin>
			<ymin>106</ymin>
			<xmax>265</xmax>
			<ymax>432</ymax>
		</bndbox>
	</object>
	<object>
		<name>person</name>
		<pose>Unspecified</pose>
		<truncated>0</truncated>
		<difficult>0</difficult>
		<bndbox>
			<xmin>275</xmin>
			<ymin>101</ymin>
			<xmax>453</xmax>
			<ymax>421</ymax>
		</bndbox>
	</object>
</annotation>
