<annotation>
	<folder>people</folder>
	<filename>person_055.png</filename>
	<path>../images/person_055.png</path>
	<source>
		<database>Unknown</database>
	</source>
	<size>
		<width>480</width>
		<height>640</height>
		<depth>3</depth>
	</size>
	<segmented>0</segmented>
	<object>
		<name>person</name>
		<pose>Unspecified</pose>
		<truncated>0</truncated>
		<difficult>0</difficult>
		<bndbox>
			<xmin>159</xmin>
			<ymin>153</ymin>
			<xmax>307</xmax>
			<ymax>511</ymax>
		</bndbox>
	</object>
</annotation>
