<annotation>
	<folder>people</folder>
	<filename>person_236.png</filename>
	<path>../images/person_236.png</path>
	<source>
		<database>Unknown</database>
	</source>
	<size>
		<width>640</width>
		<height>480</height>
		<depth>3</depth>
	</size>
	<segmented>0</segmented>
	<object>
		<name>person</name>
		<pose>Unspecified</pose>
		<truncated>0</truncated>
		<difficult>0</difficult>
		<bndbox>
			<xmin>221</xmin>
			<ymin>146</ymin>
			<xmax>305</xmax>
			<ymax>389</ymax>
		</bndbox>
	</object>
	<object>
		<name>person</name>
		<pose>Unspecified</pose>
		<truncated>0</truncated>
		<difficult>0</difficult>
		<bndbox>
			<xmin>399</xmin>
			<ymin>156</ymin>
			<xmax>481</xmax>
			<ymax>391</ymax>
		</bndbox>
	</object>
</annotation>
