<annotation>
	<folder>people</folder>
	<filename>person_003.png</filename>
	<path>../images/person_003.png</path>
	<source>
		<database>Unknown</database>
	</source>
	<size>
		<width>640</width>
		<height>480</height>
		<depth>3</depth>
	</size>
	<segmented>0</segmented>
	<object>
		<name>person</name>
		<pose>Unspecified</pose>
		<truncated>0</truncated>
		<difficult>0</difficult>
		<bndbox>
			<xmin>49</xmin>
			<ymin>115</ymin>
			<xmax>100</xmax>
			<ymax>247</ymax>
		</bndbox>
	</object>
</annotation>
