<annotation>
	<folder>people</folder>
	<filename>person_073.png</filename>
	<path>../images/person_073.png</path>
	<source>
		<database>Unknown</database>
	</source>
	<size>
		<width>480</width>
		<height>640</height>
		<depth>3</depth>
	</size>
	<segmented>0</segmented>
	<object>
		<name>person</name>
		<pose>Unspecified</pose>
		<truncated>0</truncated>
		<difficult>0</difficult>
		<bndbox>
			<xmin>114</xmin>
			<ymin>54</ymin>
			<xmax>287</xmax>
			<ymax>635</ymax>
		</bndbox>
	</object>
</annotation>
