<annotation>
	<folder>people</folder>
	<filename>person_145.png</filename>
	<path>../images/person_145.png</path>
	<source>
		<database>Unknown</database>
	</source>
	<size>
		<width>480</width>
		<height>640</height>
		<depth>3</depth>
	</size>
	<segmented>0</segmented>
	<object>
		<name>person</name>
		<pose>Unspecified</pose>
		<truncated>0</truncated>
		<difficult>0</difficult>
		<bndbox>
			<xmin>35</xmin>
			<ymin>108</ymin>
			<xmax>390</xmax>
			<ymax>633</ymax>
		</bndbox>
	</object>
</annotation>
