<annotation>
	<folder>people</folder>
	<filename>person_102.png</filename>
	<path>../images/person_102.png</path>
	<source>
		<database>Unknown</database>
	</source>
	<size>
		<width>640</width>
		<height>480</height>
		<depth>3</depth>
	</size>
	<segmented>0</segmented>
	<object>
		<name>person</name>
		<pose>Unspecified</pose>
		<truncated>0</truncated>
		<difficult>0</difficult>
		<bndbox>
			<xmin>304</xmin>
			<ymin>170</ymin>
			<xmax>412</xmax>
			<ymax>415</ymax>
		</bndbox>
	</object>
</annotation>
