<annotation>
	<folder>people</folder>
	<filename>person_139.png</filename>
	<path>../images/person_139.png</path>
	<source>
		<database>Unknown</database>
	</source>
	<size>
		<width>480</width>
		<height>640</height>
		<depth>3</depth>
	</size>
	<segmented>0</segmented>
	<object>
		<name>person</name>
		<pose>Unspecified</pose>
		<truncated>0</truncated>
		<difficult>0</difficult>
		<bndbox>
			<xmin>219</xmin>
			<ymin>225</ymin>
			<xmax>287</xmax>
			<ymax>380</ymax>
		</bndbox>
	</object>
</annotation>
