<annotation>
	<folder>people</folder>
	<filename>person_041.png</filename>
	<path>../images/person_041.png</path>
	<source>
		<database>Unknown</database>
	</source>
	<size>
		<width>640</width>
		<height>480</height>
		<depth>3</depth>
	</size>
	<segmented>0</segmented>
	<object>
		<name>person</name>
		<pose>Unspecified</pose>
		<truncated>0</truncated>
		<difficult>0</difficult>
		<bndbox>
			<xmin>124</xmin>
			<ymin>280</ymin>
			<xmax>174</xmax>
			<ymax>424</ymax>
		</bndbox>
	</object>
</annotation>
