<annotation>
	<folder>people</folder>
	<filename>person_019.png</filename>
	<path>../images/person_019.png</path>
	<source>
		<database>Unknown</database>
	</source>
	<size>
		<width>640</width>
		<height>480</height>
		<depth>3</depth>
	</size>
	<segmented>0</segmented>
	<object>
		<name>person</name>
		<pose>Unspecified</pose>
		<truncated>0</truncated>
		<difficult>0</difficult>
		<bndbox>
			<xmin>209</xmin>
			<ymin>83</ymin>
			<xmax>266</xmax>
			<ymax>226</ymax>
		</bndbox>
	</object>
</annotation>
