<annotation>
	<folder>people</folder>
	<filename>person_124.png</filename>
	<path>../images/person_124.png</path>
	<source>
		<database>Unknown</database>
	</source>
	<size>
		<width>480</width>
		<height>640</height>
		<depth>3</depth>
	</size>
	<segmented>0</segmented>
	<object>
		<name>person</name>
		<pose>Unspecified</pose>
		<truncated>0</truncated>
		<difficult>0</difficult>
		<bndbox>
			<xmin>152</xmin>
			<ymin>175</ymin>
			<xmax>223</xmax>
			<ymax>499</ymax>
		</bndbox>
	</object>
	<object>
		<name>person</name>
		<pose>Unspecified</pose>
		<truncated>0</truncated>
		<difficult>0</difficult>
		<bndbox>
			<xmin>234</xmin>
			<ymin>147</ymin>
			<xmax>396</xmax>
			<ymax>561</ymax>
		</bndbox>
	</object>
</annotation>
