<annotation>
	<folder>people</folder>
	<filename>person_295.png</filename>
	<path>../images/person_295.png</path>
	<source>
		<database>Unknown</database>
	</source>
	<size>
		<width>480</width>
		<height>640</height>
		<depth>3</depth>
	</size>
	<segmented>0</segmented>
	<object>
		<name>person</name>
		<pose>Unspecified</pose>
		<truncated>0</truncated>
		<difficult>0</difficult>
		<bndbox>
			<xmin>190</xmin>
			<ymin>101</ymin>
			<xmax>375</xmax>
			<ymax>545</ymax>
		</bndbox>
	</object>
</annotation>
