<annotation>
	<folder>people</folder>
	<filename>person_060.png</filename>
	<path>../images/person_060.png</path>
	<source>
		<database>Unknown</database>
	</source>
	<size>
		<width>480</width>
		<height>640</height>
		<depth>3</depth>
	</size>
	<segmented>0</segmented>
	<object>
		<name>person</name>
		<pose>Unspecified</pose>
		<truncated>0</truncated>
		<difficult>0</difficult>
		<bndbox>
			<xmin>105</xmin>
			<ymin>60</ymin>
			<xmax>387</xmax>
			<ymax>638</ymax>
		</bndbox>
	</object>
</annotation>
