<annotation>
	<folder>people</folder>
	<filename>person_189.png</filename>
	<path>../images/person_189.png</path>
	<source>
		<database>Unknown</database>
	</source>
	<size>
		<width>640</width>
		<height>480</height>
		<depth>3</depth>
	</size>
	<segmented>0</segmented>
	<object>
		<name>person</name>
		<pose>Unspecified</pose>
		<truncated>0</truncated>
		<difficult>0</difficult>
		<bndbox>
			<xmin>390</xmin>
			<ymin>136</ymin>
			<xmax>463</xmax>
			<ymax>430</ymax>
		</bndbox>
	</object>
	<object>
		<name>person</name>
		<pose>Unspecified</pose>
		<truncated>0</truncated>
		<difficult>0</difficult>
		<bndbox>
			<xmin>312</xmin>
			<ymin>138</ymin>
			<xmax>386</xmax>
			<ymax>411</ymax>
		</bndbox>
	</object>
</annotation>
