<annotation>
	<folder>people</folder>
	<filename>person_067.png</filename>
	<path>../images/person_067.png</path>
	<source>
		<database>Unknown</database>
	</source>
	<size>
		<width>480</width>
		<height>640</height>
		<depth>3</depth>
	</size>
	<segmented>0</segmented>
	<object>
		<name>person</name>
		<pose>Unspecified</pose>
		<truncated>0</truncated>
		<difficult>0</difficult>
		<bndbox>
			<xmin>88</xmin>
			<ymin>57</ymin>
			<xmax>357</xmax>
			<ymax>636</ymax>
		</bndbox>
	</object>
	<object>
		<name>person</name>
		<pose>Unspecified</pose>
		<truncated>1</truncated>
		<difficult>0</difficult>
		<bndbox>
			<xmin>445</xmin>
			<ymin>150</ymin>
			<xmax>480</xmax>
			<ymax>470</ymax>
		</bndbox>
	</object>
</annotation>
