<annotation>
	<folder>people</folder>
	<filename>person_107.png</filename>
	<path>../images/person_107.png</path>
	<source>
		<database>Unknown</database>
	</source>
	<size>
		<width>640</width>
		<height>480</height>
		<depth>3</depth>
	</size>
	<segmented>0</segmented>
	<object>
		<name>person</name>
		<pose>Unspecified</pose>
		<truncated>1</truncated>
		<difficult>0</difficult>
		<bndbox>
			<xmin>82</xmin>
			<ymin>122</ymin>
			<xmax>520</xmax>
			<ymax>480</ymax>
		</bndbox>
	</object>
</annotation>
