<annotation>
	<folder>people</folder>
	<filename>person_049.png</filename>
	<path>../images/person_049.png</path>
	<source>
		<database>Unknown</database>
	</source>
	<size>
		<width>480</width>
		<height>640</height>
		<depth>3</depth>
	</size>
	<segmented>0</segmented>
	<object>
		<name>person</name>
		<pose>Unspecified</pose>
		<truncated>0</truncated>
		<difficult>0</difficult>
		<bndbox>
			<xmin>44</xmin>
			<ymin>50</ymin>
			<xmax>356</xmax>
			<ymax>638</ymax>
		</bndbox>
	</object>
</annotation>
