<annotation>
	<folder>people</folder>
	<filename>person_170.png</filename>
	<path>../images/person_170.png</path>
	<source>
		<database>Unknown</database>
	</source>
	<size>
		<width>640</width>
		<height>480</height>
		<depth>3</depth>
	</size>
	<segmented>0</segmented>
	<object>
		<name>person</name>
		<pose>Unspecified</pose>
		<truncated>0</truncated>
		<difficult>0</difficult>
		<bndbox>
			<xmin>33</xmin>
			<ymin>54</ymin>
			<xmax>309</xmax>
			<ymax>367</ymax>
		</bndbox>
	</object>
</annotation>
