<annotation>
	<folder>people</folder>
	<filename>person_071.png</filename>
	<path>../images/person_071.png</path>
	<source>
		<database>Unknown</database>
	</source>
	<size>
		<width>480</width>
		<height>640</height>
		<depth>3</depth>
	</size>
	<segmented>0</segmented>
	<object>
		<name>person</name>
		<pose>Unspecified</pose>
		<truncated>1</truncated>
		<difficult>0</difficult>
		<bndbox>
			<xmin>127</xmin>
			<ymin>58</ymin>
			<xmax>327</xmax>
			<ymax>640</ymax>
		</bndbox>
	</object>
</annotation>
